{"flutter":{"platforms":{"android":{"default":{"projectId":"diary-app-e9fe7","appId":"1:696347209276:android:11fc4d0d62ceeb341e5d39","fileOutput":"android/app/google-services.json"}},"dart":{"lib/firebase_options.dart":{"projectId":"diary-app-e9fe7","configurations":{"android":"1:696347209276:android:11fc4d0d62ceeb341e5d39","ios":"1:696347209276:ios:16f5528dba061b541e5d39","macos":"1:696347209276:ios:16f5528dba061b541e5d39","web":"1:696347209276:web:1e08003a9c921e071e5d39","windows":"1:696347209276:web:f3bd5a22052c51ad1e5d39"}}}}}}